id,name,lat,lon,region,break_type,difficulty,coast_orientation_deg,swell_min_deg,swell_max_deg,wind_offshore_min_deg,wind_offshore_max_deg,tide_preference,cdip_transect_id
ocean-beach-north,Ocean Beach (North),37.7807,-122.5139,San Francisco,beach,advanced,270,230,320,60,140,mid,SF035
ocean-beach-south,Ocean Beach (South),37.7327,-122.5086,San Francisco,beach,intermediate,270,220,300,60,140,mid,SF018
linda-mar,Linda Mar,37.5994,-122.507,Pacifica,beach,beginner,260,230,310,40,120,any,SM381
camp-at-francis-beach-campground,Camp at Francis Beach Campground,37.465623,-122.445657,Half Moon Bay,beach,intermediate,270,220,310,60,140,any,SM267
surf-under-the-golden-gate-at-fort-point,Surf Under The Golden Gate at Fort Point,37.8103229,-122.4764512,San Francisco,point,intermediate,350,250,330,120,220,low,SF071
exploring-rodeo-beach,Exploring Rodeo Beach,37.8322123,-122.5394024,Marin,beach,intermediate,270,230,310,40,120,any,MA049
new-brighton-campground,New Brighton Campground,36.9815089,-121.93623,Santa Cruz,beach,beginner,180,180,280,310,50,any,SC103
surf-at-natural-bridges-state-beach,Surf at Natural Bridges State Beach,36.95172545,-122.0571034,Santa Cruz,reef,intermediate,180,220,300,310,50,any,SC166
surf-cowell's-cove,Surf Cowell's Cove,36.957201,-122.025872,Santa Cruz,point,beginner,160,180,280,300,40,any,SC146
camp-at-manresa-beach,Camp at Manresa Beach,36.9325618,-121.861319,Santa Cruz,beach,intermediate,220,200,300,10,90,any,SC052
"surf,-run,-or-catch-a-sunset-at-marina-state-beach","Surf, Run, or Catch a Sunset at Marina State Beach",36.69391362,-121.8094641,Monterey,beach,intermediate,260,220,310,40,120,any,M0831
camp-at-andrew-molera-state-park,Camp at Andrew Molera State Park,36.28718219,-121.8503874,Big Sur,point,intermediate,240,210,310,20,100,any,M0420
surf-at-big-sur's-sand-dollar-beach,Surf at Big Sur's Sand Dollar Beach,35.917753,-121.466532,Big Sur,beach,intermediate,240,210,300,20,100,any,M0109
camp-at-san-simeon-state-park,Camp at San Simeon State Park,35.5941686,-121.1109613,Central Coast,beach,beginner,240,210,300,20,100,any,SL567
explore-navarro-beach,Explore Navarro Beach,39.193086,-123.762012,Mendocino,beach,intermediate,280,230,320,60,140,any,M0370
explore-the-rock-at-morro-bay,Explore The Rock at Morro Bay,35.3688053,-120.8649012,Central Coast,beach,intermediate,250,200,300,20,100,any,SL351
camp-at-montaña-de-oro-state-park,Camp at Montaña de Oro State Park,35.273957,-120.884676,Central Coast,reef,intermediate,260,210,310,30,110,any,SL300
northern-mendocino-camping-and-surf-adventure,Northern Mendocino Camping and Surf Adventure,39.613805,-123.781866,Mendocino,beach,intermediate,280,230,320,60,140,any,M0778
camp-at-usal-beach-on-the-lost-coast,Camp at Usal Beach on the Lost Coast,39.83464558,-123.8442173,Mendocino,beach,intermediate,280,230,320,60,140,any,M0922
camp-and-surf-jalama-beach,Camp and Surf Jalama Beach,34.509846,-120.5010166,Lompoc,beach,advanced,230,180,320,10,90,any,B1086
camp-at-refugio-campground,Camp at Refugio Campground,34.4641472,-120.0665344,Santa Barbara,point,beginner,180,240,300,330,50,any,B0620
camp-at-el-capitan-canyon,Camp at El Capitan Canyon,34.4652608,-120.0249947,Santa Barbara,point,intermediate,180,240,300,330,50,low,B0570
camp-at-carpinteria-state-beach,Camp at Carpinteria State Beach,34.3926449,-119.5216464,Santa Barbara,beach,beginner,180,240,300,330,50,any,B0044
surf-rincon-point,Surf Rincon Point,34.3733288,-119.4784539,Ventura,point,intermediate,200,240,300,350,70,low,B0001
surf-emma-wood-state-beach,Surf Emma Wood State Beach,34.2932299,-119.3398523,Ventura,beach,intermediate,200,240,300,350,70,any,VE482
surf-ventura-point,Surf Ventura Point,34.27426184,-119.2995644,Ventura,point,intermediate,200,240,300,350,70,any,VE463
camp-at-thornhill-broome-state-beach,Camp at Thornhill Broome State Beach,34.08231933,-119.0332763,Ventura,beach,intermediate,210,180,280,340,60,any,VE094
surf-zuma-beach,Surf Zuma Beach,34.0280826,-118.8393009,Malibu,beach,intermediate,190,160,280,340,60,any,L1083
photograph-the-iconic-malibu-pier,Photograph the Iconic Malibu Pier,34.0374731,-118.6768142,Malibu,point,intermediate,170,160,260,320,40,any,L0903
take-a-sunset-surf-at-manhattan-beach,Take a Sunset Surf at Manhattan Beach,33.88435139,-118.4118478,LA,beach,intermediate,250,220,290,20,100,any,L0578
catch-a-sunset-at-bluff-cove,Catch a Sunset at Bluff Cove,33.79760933,-118.4063477,Palos Verdes,reef,advanced,270,220,310,40,120,any,L0437
catch-some-rays-at-seal-beach,Catch Some Rays at Seal Beach,33.7382572,-118.1070869,Orange County,beach,beginner,210,160,240,340,60,any,OC661
catch-a-sunset-at-sunset-beach-in-ca,Catch a Sunset at Sunset Beach in CA,33.7241799,-118.079103,Orange County,beach,beginner,220,160,280,10,90,any,OC618
spend-a-day-at-the-huntington-beach-pier,Spend a Day at the Huntington Beach Pier,33.656455,-118.002735,Orange County,beach,intermediate,220,160,300,10,90,any,OC515
catch-a-sunset-at-newport-pier,Catch a Sunset at Newport Pier,33.6079643,-117.9285282,Orange County,beach,intermediate,220,160,300,10,90,any,OC427
bodysurfing-and-photography-at-the-wedge,Bodysurfing and Photography at The Wedge,33.5953457,-117.8822631,Newport Beach,beach,advanced,160,160,210,300,40,high,OC381
stand-up-paddleboard-fisherman's-cove,Stand Up Paddleboard Fisherman's Cove,33.54539512,-117.7956417,Laguna Beach,reef,intermediate,230,180,300,20,100,any,OC274
surf-brooks-street-beach,Surf Brooks Street Beach,33.5328525,-117.7773389,Laguna Beach,reef,advanced,230,180,300,20,100,any,OC256
exploring-pearl-street-beach's-arch-rock,Exploring Pearl Street Beach's Arch Rock,33.5278038,-117.7728325,Laguna Beach,reef,intermediate,230,180,300,20,100,any,OC249
surf-salt-creek,Surf Salt Creek,33.47730464,-117.7190185,Dana Point,point,intermediate,230,180,300,20,100,any,OC175
beach-day-at-san-onofre,Beach Day at San Onofre,33.3765334,-117.5654389,San Clemente,point,beginner,220,180,280,10,90,any,D1209
camp-at-san-mateo-campground,Camp at San Mateo Campground,33.4082904,-117.5850742,San Clemente,point,beginner,220,180,280,10,90,any,OC016
"surf-the-south-jetty,-oceanside-harbor","Surf the South Jetty, Oceanside Harbor",33.20318513,-117.3919054,Oceanside,beach,intermediate,240,200,300,30,110,any,D0927
